NUTS2:;Administrative Division ;Administrative Division [ENG];Country;Class;Inwoners;Pop density;Cases 1st April;Cases 30th April;New cases;Cases per 100.000 inh 1st April;Cases per 100.000  inh 30th April;Rise per capita in April;Deaths 1st April;Deaths 30th April;Tot. Death count in April;Deaths per 100.000 inh 1st April;Deaths per 100.000 inh 30th April;Rise per capita in April;Deaths/cases 1st April*;Deaths/cases 30th April*;Difference
NO092;Agder;Agder;Norway;4;303154;32;207;325;118;68,3;107,2;38,9;n/a;n/a;n/a;n/a;n/a;n/a;n/a;n/a;n/a
BE21;Antwerpen;Antwerp;Belgium;4;1857986;661,6;1.837;6.002;4.165;98,9;323,0;224,2;n/a;n/a;n/a;n/a;n/a;n/a;n/a;n/a;n/a
BE31;Brabant wallon;Brabant wallon;Belgium;4;403599;367,3;394;1.234;840;97,6;305,7;208,1;n/a;n/a;n/a;n/a;n/a;n/a;n/a;n/a;n/a
IE042;Connacht;Connacht;Ireland;4;550742;35;178;1.172;994;32,3;212,8;180,5;n/a;n/a;n/a;n/a;n/a;n/a;n/a;n/a;n/a
BE32;Hainaut;Hainaut;Belgium;4;1344241;353,9;1.502;5.560;4.058;111,7;413,6;301,9;n/a;n/a;n/a;n/a;n/a;n/a;n/a;n/a;n/a
NO02;Innlandet;Innlandet;Norway;4;370994;;344;437;93;92,7;117,8;25,1;n/a;n/a;n/a;n/a;n/a;n/a;n/a;n/a;n/a
DK01;København;Copenhagen;Denmark;4;1846023;751;1.597;5.040;3.443;86,5;273,0;186,5;n/a;270;n/a;n/a;14,6;n/a;n/a;5,4;n/a
IE06;Leinster;Leinster;Ireland;4;2630720;167;2.830;15.200;12.370;107,6;577,8;470,2;n/a;n/a;n/a;n/a;n/a;n/a;n/a;n/a;n/a
BE33;Liège;Liege;Belgium;4;1106992;289;1.385;5.992;4.607;125,1;541,3;416,2;n/a;n/a;n/a;n/a;n/a;n/a;n/a;n/a;n/a
BE22;Limburg;Limburg;Belgium;4;874048;366;1.700;5.327;3.627;194,5;609,5;415,0;n/a;n/a;n/a;n/a;n/a;n/a;n/a;n/a;n/a
BE34;Luxembourg;Luxembourg;Belgium;4;284638;64;272;1.253;981;95,6;440,2;344,6;n/a;n/a;n/a;n/a;n/a;n/a;n/a;n/a;n/a
DK04;Midtjylland;Central Denmark;Denmark;4;1326340;103;485;1.423;938;36,6;107,3;70,7;n/a;58;n/a;n/a;4,4;n/a;n/a;4,1;n/a
NO053;Møre og Romsdal;Møre og Romsdal;Norway;4;243925;;95;123;28;38,9;50,4;11,5;n/a;n/a;n/a;n/a;n/a;n/a;n/a;n/a;n/a
IE05;Munster;Munster;Ireland;4;1280394;55;307;2.757;2.450;24,0;215,3;191,3;n/a;n/a;n/a;n/a;n/a;n/a;n/a;n/a;n/a
BE35;Namur;Namur;Belgium;4;493073;135;350;1.825;1.475;71,0;370,1;299,1;n/a;n/a;n/a;n/a;n/a;n/a;n/a;n/a;n/a
DK05;Nordjylland;North Denmark;Denmark;4;589936;76;170;381;211;28,8;64,6;35,8;n/a;20;n/a;n/a;3,4;n/a;n/a;5,2;n/a
NO071;Nordland;Nordland;Norway;4;243335;;68;114;46;27,9;46,8;18,9;n/a;n/a;n/a;n/a;n/a;n/a;n/a;n/a;n/a
BE23;Oost-Vlaanderen;East Flanders;Belgium;4;1515064;509;1.593;5.577;3.984;105,1;368,1;263,0;n/a;n/a;n/a;n/a;n/a;n/a;n/a;n/a;n/a
NO011;Oslo;Oslo;Norway;4;673469;256;1.379;2.364;985;204,8;351,0;146,3;n/a;n/a;n/a;n/a;n/a;n/a;n/a;n/a;n/a
NO0A1;Rogaland;Rogaland;Norway;4;473526;32;332;431;99;70,1;91,0;20,9;n/a;n/a;n/a;n/a;n/a;n/a;n/a;n/a;n/a
DK02;Sjælland;Sealand;Denmark;4;835024;118;425;1.394;969;50,9;166,9;116,0;n/a;78;n/a;n/a;9,3;n/a;n/a;5,6;n/a
DK03;Syddanmark;Southern Denmark;Denmark;4;1223105;102;405;874;469;33,1;71,5;38,3;n/a;26;n/a;n/a;2,1;n/a;n/a;3,0;n/a
NO074;Tromsø og Finmark;Tromsø og Finmark;Norway;4;243925;;164;240;76;67,2;98,4;31,2;n/a;n/a;n/a;n/a;n/a;n/a;n/a;n/a;n/a
NO0A3;Trøndelag;Trøndelag;Norway;4;458744;12;340;477;137;74,1;104,0;29,9;n/a;n/a;n/a;n/a;n/a;n/a;n/a;n/a;n/a
IE041;Ulster;Ulster;Ireland;4;296754;35;132;1.483;1.351;44,5;499,7;455,3;n/a;n/a;n/a;n/a;n/a;n/a;n/a;n/a;n/a
NO091;Vestfold og Telemark;Vestfold og Telemark;Norway;4;415777;12;190;272;82;45,7;65,4;19,7;n/a;n/a;n/a;n/a;n/a;n/a;n/a;n/a;n/a
NO0A2;Vestland;Vestland;Norway;4;631594;19;510;856;346;80,7;135,5;54,8;n/a;n/a;n/a;n/a;n/a;n/a;n/a;n/a;n/a
NO082;Viken;Viken;Norway;4;1234374;;1.306;2.071;765;105,8;167,8;62,0;n/a;n/a;n/a;n/a;n/a;n/a;n/a;n/a;n/a
BE24;Vlaams-Brabant;Flemish Brabant;Belgium;4;1146175;541;1.509;4.634;3.125;131,7;404,3;272,6;n/a;n/a;n/a;n/a;n/a;n/a;n/a;n/a;n/a
BE25;West-Vlaanderen;West Flanders;Belgium;4;1195796;379;1.580;5.160;3.580;132,1;431,5;299,4;n/a;n/a;n/a;n/a;n/a;n/a;n/a;n/a;n/a
FRM;Corse;Corsica;France;1;334938;39;250;295;45;74,6;88,1;13,4;0;50;50;0,0;14,9;14,9;0,0;16,9;16,9
SE321;Västernnorrland;Västernnorrland;Sweden;1;245347;;55;235;180;22,4;95,8;73,4;1;38;37;0,4;15,5;15,1;1,8;16,2;14,4
FRD;Normandie;Normandy;France;1;3330478;151;688;2.001;1.313;20,7;60,1;39,4;28;346;318;0,8;10,4;9,5;4,1;17,3;13,2
FR1;île-de-France;île-de-France;France;1;12174880;1.023;12.108;34.479;22.371;99,5;283,2;183,7;578;6.008;5.430;4,7;49,3;44,6;4,8;17,4;12,7
UKI;London;London;United Kingdom;1;8908081;;10.945;24.297;13.352;122,9;272,8;149,9;945;4.976;4.031;10,6;55,9;45,3;8,6;20,5;11,8
SE332;Norrbotten;Norrbotten;Sweden;1;250039;;59;252;193;23,6;100,8;77,2;1;33;32;0,4;13,2;12,8;1,7;13,1;11,4
UKH;East of England;East of England;United Kingdom;1;6201214;;2.916;10.274;7.358;47,0;165,7;118,7;329;2.311;1.982;5,3;37,3;32,0;11,3;22,5;11,2
FRB;Centre-Val de Loire;Centre-Val de Loire;France;1;2576252;66;645;2.562;1.917;25,0;99,4;74,4;26;388;362;1,0;15,1;14,1;4,0;15,1;11,1
SE11;Stockholm;Stockholm;Sweden;1;2377081;357;2.121;8.033;5.912;89,2;337,9;248,7;148;1.406;1.258;6,2;59,1;52,9;7,0;17,5;10,5
UKM;Scotland;Scotland;United Kingdom;1;5424800;;2.300;11.353;9.053;42,4;209,3;166,9;60;1.475;1.415;1,1;27,2;26,1;2,6;13,0;10,4
UKF + UKG;Midlands;Midlands;United Kingdom;1;10704906;;6.508;19.615;13.107;60,8;183,2;122,4;701;3.967;3.266;6,5;37,1;30,5;10,8;20,2;9,5
FRH;Bretagne;Brittany;France;1;3318904;83;603;1.426;823;18,2;43,0;24,8;34;212;178;1,0;6,4;5,4;5,6;14,9;9,2
SE125;Västmanland;Västmanland;Sweden;1;275845;;83;766;683;30,1;277,7;247,6;2;89;87;0,7;32,3;31,5;2,4;11,6;9,2
FRL;Provinces-Alpes-Côte d'Azur;Provinces-Alpes-Côte d'Azur;France;1;5030890;162;1.927;6.014;4.087;38,3;119,5;81,2;48;696;648;1,0;13,8;12,9;2,5;11,6;9,1
FRI;Nouvelle-Aquitaine;Nouvelle-Aquitaine;France;1;5956978;83;912;2.385;1.473;15,3;40,0;24,7;42;324;282;0,7;5,4;4,7;4,6;13,6;9,0
FRJ;Occitanie;Occitanie;France;1;5845102;43;1.082;3.179;2.097;18,5;54,4;35,9;41;401;360;0,7;6,9;6,2;3,8;12,6;8,8
BE1;Région de Bruxelles*;Brussels;Belgium;1;1208542;7.471;1.580;4.975;3.395;130,7;411,7;280,9;250;1.197;947;20,7;99,0;78,4;15,8;24,1;8,2
ES24;Aragón;Aragón;Spain;1;1319291;28;2.491;5.091;2.600;188,8;385,9;197,1;169;739;570;12,8;56,0;43,2;6,8;14,5;7,7
SE212;Kronoberg;Kronoberg;Sweden;1;201469;;39;306;267;19,4;151,9;132,5;0;23;23;0,0;11,4;11,4;0,0;7,5;7,5
FRF;Grand Est;Grand Est;France;1;5549586;52;5.479;14.834;9.355;98,7;267,3;168,6;657;2.885;2.228;11,8;52,0;40,1;12,0;19,4;7,5
ES12;Asturias;Asturias;Spain;1;1022800;97;1.322;2.283;961;129,3;223,2;94,0;63;273;210;6,2;26,7;20,5;4,8;12,0;7,2
FRK;Auvergne-Rhône-Alpes;Auvergne-Rhône-Alpes;France;1;7948287;100;2.093;8.862;6.769;26,3;111,5;85,2;165;1.331;1.166;2,1;16,7;14,7;7,9;15,0;7,1
SE232;Västra Götaland;Västra Götaland;Sweden;1;1725881;;426;2.459;2.033;24,7;142,5;117,8;6;209;203;0,3;12,1;11,8;1,4;8,5;7,1
ES43;Extemadura;Extemadura;Spain;1;1067710;26;1.679;2.785;1.106;157,3;260,8;103,6;152;446;294;14,2;41,8;27,5;9,1;16,0;7,0
NL33;Zuid-Holland;South Holland;Netherlands;1;3708585;1.281;2.193;8.115;5.922;59,1;218,8;159,7;82;852;770;2,2;23,0;20,8;3,7;10,5;6,8
NL31;Utrecht;Utrecht;Netherlands;1;1354979;926;1.111;2.806;1.695;82,0;207,1;125,1;58;335;277;4,3;24,7;20,4;5,2;11,9;6,7
FRC;Bourgogne-Franche-Comté;Bourgogne-Franche-Comté;France;1;2811423;51;1.569;4.450;2.881;55,8;158,3;102,5;192;838;646;6,8;29,8;23,0;12,2;18,8;6,6
FRG;Pays de la Loire;Pays de la Loire;France;1;3757600;117;368;2.226;1.858;9,8;59,2;49,4;34;341;307;0,9;9,1;8,2;9,2;15,3;6,1
SE224;Skåne;Skåne;Sweden;1;1377827;;290;783;493;21,0;56,8;35,8;8;69;61;0,6;5,0;4,4;2,8;8,8;6,1
BE2;Vlaanderen*;Flanders;Belgium;2;6589069;;8.219;26.700;18.481;124,7;405,2;280,5;685;3.825;3.140;10,4;58,1;47,7;8,3;14,3;6,0
ES53;Islas Baleares;Islas Baleares;Spain;1;1149460;237;1.131;1.883;752;98,4;163,8;65,4;46;188;142;4,0;16,4;12,4;4,1;10,0;5,9
SE121;Uppsala;Uppsala;Sweden;1;383713;;194;988;794;50,6;257,5;206,9;7;94;87;1,8;24,5;22,7;3,6;9,5;5,9
UKL;Wales;Wales;United Kingdom;1;3139000;;2.635;9.629;6.994;83,9;306,8;222,8;98;908;810;3,1;28,9;25,8;3,7;9,4;5,7
FRE;Hauts-de-France;Hauts-de-France;France;1;6003815;327;1.753;11.279;9.526;29,2;187,9;158,7;169;1.725;1.556;2,8;28,7;25,9;9,6;15,3;5,7
SE313;Gävleborg;Gävleborg;Sweden;1;287382;;100;571;471;34,8;198,7;163,9;4;55;51;1,4;19,1;17,7;4,0;9,6;5,6
ES52;Valencia;Valencia;Spain;1;5003769;214;5.922;10.331;4.409;118,4;206,5;88,1;395;1.236;841;7,9;24,7;16,8;6,7;12,0;5,3
SE123;Östergötland;Östergötland;Sweden;1;456550;;430;1.440;1.010;94,2;315,4;221,2;8;102;94;1,8;22,3;20,6;1,9;7,1;5,2
ES61;Andalusia;Andalusia;Spain;1;8414240;97;6.392;12.048;5.656;76,0;143,2;67,2;308;1.207;899;3,7;14,3;10,7;4,8;10,0;5,2
ES62;Murcia;Murcia;Spain;1;1493898;131;1.041;1.486;445;69,7;99,5;29,8;37;130;93;2,5;8,7;6,2;3,6;8,7;5,2
SE124;Örebro;Örebro;Sweden;1;304805;;117;1.013;896;38,4;332,3;294,0;1;61;60;0,3;20,0;19,7;0,9;6,0;5,2
ES21;Euskal Herria;Basque Country;Spain;1;2199088;302;6.838;12.701;5.863;310,9;577,6;266,6;369;1.296;927;16,8;58,9;42,2;5,4;10,2;4,8
SE331;Västerbotten;Västerbotten;Sweden;1;271736;;63;322;259;23,2;118,5;95,3;0;15;15;0,0;5,5;5,5;0,0;4,7;4,7
NL12;Fryslân;Friesland;Netherlands;1;649944;191;144;526;382;22,2;80,9;58,8;9;57;48;1,4;8,8;7,4;6,3;10,8;4,6
ES42;Castilla-La-Mancha;Castilla-La-Mancha;Spain;1;2032863;26;7.047;15.832;8.785;346,7;778,8;432,1;774;2.463;1.689;38,1;121,2;83,1;11,0;15,6;4,6
DE4;Brandenburg;Brandenburg;Germany;1;2511917;;881;2.885;2.004;35,1;114,9;79,8;4;145;141;0,2;5,8;5,6;0,5;5,0;4,6
SL0;Slovenija;Slovenia;Slovenia;5;2094060;102;816;1.429;613;39,0;68,2;29,3;15;91;76;0,7;4,3;3,6;1,8;6,4;4,5
NL41;Noord-Brabant;North Brabant;Netherlands;1;2563432;511;3.560;8.162;4.602;138,9;318,4;179,5;427;1.346;919;16,7;52,5;35,9;12,0;16,5;4,5
CH051;Glarus;Glarus;Switzerland;1;40403;;53;121;68;131,2;299,5;168,3;2;10;8;5,0;24,8;19,8;3,8;8,3;4,5
SE213;Kalmar;Kalmar;Sweden;1;245446;;36;167;131;14,7;68,0;53,4;1;12;11;0,4;4,9;4,5;2,8;7,2;4,4
SE122;Södermanland;Södermanland;Sweden;1;297540;;260;1.215;955;87,4;408,3;321,0;24;165;141;8,1;55,5;47,4;9,2;13,6;4,3
CZ041;Karlovarský;Karlovy Vary;Czechia;1;294896;89;112;359;247;38,0;121,7;83,8;2;22;20;0,7;7,5;6,8;1,8;6,1;4,3
ES13;Cantabria;Cantabria;Spain;1;581078;110;1.213;2.173;960;208,7;374,0;165,2;54;191;137;9,3;32,9;23,6;4,5;8,8;4,3
NL32;Noord-Holland;North Holland;Netherlands;1;2879611;1.032;2.017;5.734;3.717;70,0;199,1;129,1;119;587;468;4,1;20,4;16,3;5,9;10,2;4,3
DEC;Saarland;Saarland;Germany;1;990509;387;829;2.552;1.723;83,7;257,6;174,0;8;133;125;0,8;13,4;12,6;1,0;5,2;4,2
CH063;Schwyz;Schwyz;Switzerland;1;159165;;141;285;144;88,6;179,1;90,5;4;20;16;2,5;12,6;10,1;2,8;7,0;4,2
ES22;Navarre;Navarre;Spain;1;654214;63;2.497;4.815;2.318;381,7;736,0;354,3;130;451;321;19,9;68,9;49,1;5,2;9,4;4,2
AT22;Steiermark;Steiermark;Austria;1;1243052;76;1.063;1.761;698;85,5;141,7;56,2;34;129;95;2,7;10,4;7,6;3,2;7,3;4,1
ES11;Galicia;Galicia;Spain;1;2699499;92;4.432;8.697;4.265;164,2;322,2;158,0;103;547;444;3,8;20,3;16,4;2,3;6,3;4,0
ES23;La Rioja;La Rioja;Spain;1;316798;62;1.960;3.918;1.958;618,7;1.236,8;618,1;90;332;242;28,4;104,8;76,4;4,6;8,5;3,9
SE312;Dalarna;Dalarna;Sweden;1;287966;;118;784;666;41,0;272,3;231,3;9;90;81;3,1;31,3;28,1;7,6;11,5;3,9
CZ064;Jihomoravský ;South Moravian;Czechia;1;1187667;165;208;446;238;17,5;37,6;20,0;0;17;17;0,0;1,4;1,4;0,0;3,8;3,8
ITI1;Toscana;Tuscany;Italy;1;3729641;164;4.867;9.352;4.485;130,5;250,7;120,3;253;842;589;6,8;22,6;15,8;5,2;9,0;3,8
DE7;Hessen;Hesse;Germany;1;6265809;;3.445;8.304;4.859;55,0;132,5;77,5;21;353;332;0,3;5,6;5,3;0,6;4,3;3,6
SE311;Värmland;Värmland;Sweden;1;282414;;50;179;129;17,7;63,4;45,7;1;10;9;0,4;3,5;3,2;2,0;5,6;3,6
ITF4;Puglia;Puglia;Italy;1;4029053;209;1.946;4.072;2.126;48,3;101,1;52,8;129;415;286;3,2;10,3;7,1;6,6;10,2;3,6
IE;Ireland**;Ireland;Ireland;3;4921500;;3.447;20.612;17.165;70,0;418,8;348,8;85;1.232;1.147;1,7;25,0;23,3;2,5;6,0;3,5
CH062;Uri;Uri;Switzerland;1;36433;;60;78;18;164,7;214,1;49,4;1;4;3;2,7;11,0;8,2;1,7;5,1;3,5
CZ031;Jihočeský;South Bohemian;Czechia;1;642133;64;106;174;68;16,5;27,1;10,6;0;6;6;0,0;0,9;0,9;0,0;3,4;3,4
SE322;Jämtland;Jämtland;Sweden;1;130810;;82;322;240;62,7;246,2;183,5;0;11;11;0,0;8,4;8,4;0,0;3,4;3,4
BE3;Wallonie*;Wallonia;Belgium;2;3633795;;3.903;15.864;11.961;107,4;436,6;329,2;528;2.681;2.153;14,5;73,8;59,2;13,5;16,9;3,4
DE9;Niedersachsen;Lower Saxony;Germany;1;7982448;;4.382;10.198;5.816;54,9;127,8;72,9;42;435;393;0,5;5,4;4,9;1,0;4,3;3,3
ITG2;Sardegna;Sardegna;Italy;1;1639591;69;669;1.295;626;40,8;79,0;38,2;38;116;78;2,3;7,1;4,8;5,7;9,0;3,3
AT13;Wien;Vienna;Austria;1;1897491;4.781;1.418;2.461;1.043;74,7;129,7;55,0;29;130;101;1,5;6,9;5,3;2,0;5,3;3,2
NL42;Limburg;Limburg;Netherlands;1;1117164;518;1.513;4.098;2.585;135,4;366,8;231,4;179;617;438;16,0;55,2;39,2;11,8;15,1;3,2
UKK;South West;South West;United Kingdom;1;5599735;;1.551;6.177;4.626;27,7;110,3;82,6;179;908;729;3,2;16,2;13,0;11,5;14,7;3,2
DEF;Schleswig-Holstein;Schleswig-Holstein;Germany;1;2896712;188;1.246;2.690;1.444;43,0;92,9;49,8;10;106;96;0,3;3,7;3,3;0,8;3,9;3,1
NL13;Drenthe;Drenthe;Netherlands;1;493657;184;146;473;327;29,6;95,8;66,2;5;31;26;1,0;6,3;5,3;3,4;6,6;3,1
DEG;Thüringen;Thüringen;Germany;1;2143145;133;860;2.254;1.394;40,1;105,2;65,0;6;85;79;0,3;4,0;3,7;0,7;3,8;3,1
FI0;Suomi;Finland;Finland ;5;5517919;19;1.446;4.995;3.549;26,2;90,5;64,3;17;211;194;0,3;3,8;3,5;1,2;4,2;3,0
CH066;Zug;Zug;Switzerland;1;126837;;125;157;32;98,6;123,8;25,2;1;6;5;0,8;4,7;3,9;0,8;3,8;3,0
ITF5;Basilicata;Basilicata;Italy;1;562869;56;237;367;130;42,1;65,2;23,1;9;25;16;1,6;4,4;2,8;3,8;6,8;3,0
CH022;Freiburg;Freiburg;Switzerland;1;318714;;525;1.071;546;164,7;336,0;171,3;23;79;56;7,2;24,8;17,6;4,4;7,4;3,0
ITH3;Veneto;Veneto;Italy;1;4905854;283;9.625;17.960;8.335;196,2;366,1;169,9;499;1.459;960;10,2;29,7;19,6;5,2;8,1;2,9
DE2;Bayern;Bavaria;Germany;1;13076721;4.290;16.497;42.080;25.583;126,2;321,8;195,6;225;1.799;1.574;1,7;13,8;12,0;1,4;4,3;2,9
NL23;Flevoland;Flevoland;Netherlands;1;422979;289;189;722;533;44,7;170,7;126,0;7;47;40;1,7;11,1;9,5;3,7;6,5;2,8
DEA;Nordrhein Westfalen;North Rhine-Westphalia;Germany;1;17932651;;14.351;32.687;18.336;80,0;182,3;102,2;134;1.219;1.085;0,7;6,8;6,1;0,9;3,7;2,8
ITC2;Valle d'Aosta;Valle d'Aosta;Italy;1;125606;39;631;1.128;497;502,4;898,0;395,7;59;137;78;47,0;109,1;62,1;9,4;12,1;2,8
ITH1;Autonoma di Bolzano/Bozen;South Tyrol;Italy;1;533050;72;1.418;2.509;1.091;266,0;470,7;204,7;116;275;159;21,8;51,6;29,8;8,2;11,0;2,8
DE1;Badem Wüttemberg;Baden Wuttemberg;Germany;1;11069533;;13.410;31.906;18.496;121,1;288,2;167,1;197;1.353;1.156;1,8;12,2;10,4;1,5;4,2;2,8
CZ010;Praha;Prague;Czechia;1;1308632;2.637;931;1.723;792;71,1;131,7;60,5;20;83;63;1,5;6,3;4,8;2,1;4,8;2,7
NL11;Groningen;Groningen;Netherlands;1;586061;247;169;338;169;28,8;57,7;28,8;2;13;11;0,3;2,2;1,9;1,2;3,8;2,7
EE0;Eesti Vabariik;Estonia;Estonia;5;1328360;28;779;1.689;910;58,6;127,1;68,5;4;53;49;0,3;4,0;3,7;0,5;3,1;2,6
DE6;Hamburg;Hamburg;Germany;1;1841179;2.586;2.311;4.801;2.490;125,5;260,8;135,2;14;155;141;0,8;8,4;7,7;0,6;3,2;2,6
ITC1;Piemonte;Piemonte;Italy;1;4356406;174;9.795;26.289;16.494;224,8;603,5;378,6;886;3.066;2.180;20,3;70,4;50,0;9,0;11,7;2,6
DED;Sachsen;Saxony;Germany;1;4077937;;2.034;4.656;2.622;49,9;114,2;64,3;17;158;141;0,4;3,9;3,5;0,8;3,4;2,6
PT15;Algarve;Algarve;Portugal;1;438864;89;146;331;185;33,3;75,4;42,2;2;13;11;0,5;3,0;2,5;1,4;3,9;2,6
CH023;Solothurn;Solothurn;Switzerland;1;273194;;190;364;174;69,5;133,2;63,7;3;15;12;1,1;5,5;4,4;1,6;4,1;2,5
DEE;Sachsen-Anhalt;Saxony-Anhalt;Germany;1;2208321;109;750;1.553;803;34,0;70,3;36,4;7;53;46;0,3;2,4;2,1;0,9;3,4;2,5
ITI3;Marche;Marche;Italy;1;1525271;163;3.962;6.247;2.285;259,8;409,6;149,8;477;906;429;31,3;59,4;28,1;12,0;14,5;2,5
UKJ;South East;South East;United Kingdom;1;9133625;;4.685;16.831;12.146;51,3;184,3;133,0;529;2.310;1.781;5,8;25,3;19,5;11,3;13,7;2,4
MN00;Monaco;Monaco;Monaco;5;38682;;55;95;40;142,2;245,6;103,4;1;4;3;2,6;10,3;7,8;1,8;4,2;2,4
CZ042;Ústecký;Ústí nad Labem;Czechia;1;820789;246;211;493;282;25,7;60,1;34,4;1;14;13;0,1;1,7;1,6;0,5;2,8;2,4
UKD;North West;North West;United Kingdom;1;7292093;;4.532;18.523;13.991;62,1;254,0;191,9;618;2.963;2.345;8,5;40,6;32,2;13,6;16,0;2,4
SE231;Halland;Halland;Sweden;1;333848;;101;366;265;30,3;109,6;79,4;7;34;27;2,1;10,2;8,1;6,9;9,3;2,4
ITF1;Abruzzo;Abruzzo;Italy;1;1311580;122;1.436;2.930;1.494;109,5;223,4;113,9;123;320;197;9,4;24,4;15,0;8,6;10,9;2,4
ITH4;Friuli Venezia Giulia;Friuli Venezia Giulia;Italy;1;1215220;161;1.685;3.025;1.340;138,7;248,9;110,3;122;289;167;10,0;23,8;13,7;7,2;9,6;2,3
ITG1;Sicilia;Sicily;Italy;1;4999891;195;1.718;3.166;1.448;34,4;63,3;29,0;88;235;147;1,8;4,7;2,9;5,1;7,4;2,3
CH055;St. Gallen;St. Gallen;Switzerland;1;507697;;394;764;370;77,6;150,5;72,9;7;31;24;1,4;6,1;4,7;1,8;4,1;2,3
ITH5;Emilia-Romagna;Emilia-Romagna;Italy;1;4459477;202;14.787;25.436;10.649;331,6;570,4;238,8;1.732;3.551;1.819;38,8;79,6;40,8;11,7;14,0;2,2
AT21;Kärnten;Kärnten;Austria;1;560939;60;278;410;132;49,6;73,1;23,5;2;12;10;0,4;2,1;1,8;0,7;2,9;2,2
SE214;Gotland;Gotland;Sweden;1;59686;;11;46;35;18,4;77,1;58,6;0;1;1;0,0;1,7;1,7;0,0;2,2;2,2
CH011;Vaud;Vaud;Switzerland;1;800162;;3.766;5.360;1.594;470,7;669,9;199,2;116;278;162;14,5;34,7;20,2;3,1;5,2;2,1
CH021;Bern;Bern;Switzerland;1;1034977;;909;1.744;835;87,8;168,5;80,7;20;75;55;1,9;7,2;5,3;2,2;4,3;2,1
CH057;Thurgau;Thurgau;Switzerland;1;276472;;154;341;187;55,7;123,3;67,6;4;16;12;1,4;5,8;4,3;2,6;4,7;2,1
ITF6;Calabria;Calabria;Italy;1;1947131;129;669;1.108;439;34,4;56,9;22,5;38;86;48;2,0;4,4;2,5;5,7;7,8;2,1
CZ051;Liberecký;Liberec;Czechia;1;442356;140;117;193;76;26,4;43,6;17,2;0;4;4;0,0;0,9;0,9;0,0;2,1;2,1
NO0;Norge**;Norway;Norway;3;5292817;;4.935;7.710;2.775;93,2;145,7;52,4;28;202;174;0,5;3,8;3,3;0,6;2,6;2,1
AD00;Andorra;Andorra;Andorra;5;77006;;390;745;355;506,5;967,5;461,0;14;42;28;18,2;54,5;36,4;3,6;5,6;2,0
CH031;Basel-Stadt;Basel-Stadt;Switzerland;1;200298;;691;1.097;406;345,0;547,7;202,7;18;51;33;9,0;25,5;16,5;2,6;4,6;2,0
ITC3;Liguria;Liguria;Italy;1;1550640;287;3.660;7.993;4.333;236,0;515,5;279,4;460;1.167;707;29,7;75,3;45,6;12,6;14,6;2,0
CH025;Jura;Jura;Switzerland;1;73419;;145;200;55;197,5;272,4;74,9;0;4;4;0,0;5,4;5,4;0,0;2,0;2,0
CH013;Geneve;Geneve;Switzerland;1;499480;;2.657;5.065;2.408;532,0;1.014,1;482,1;72;237;165;14,4;47,4;33,0;2,7;4,7;2,0
NL22;Gelderland;Gelderland;Netherlands;1;2086142;413;1.615;5.056;3.441;77,4;242,4;164,9;149;566;417;7,1;27,1;20,0;9,2;11,2;2,0
DEB;Rheinland-Pfalz;Rhineland;Germany;1;4084844;;2.899;6.048;3.149;71,0;148,1;77,1;23;167;144;0,6;4,1;3,5;0,8;2,8;2,0
DE3;Berlin;Berlin;Germany;1;3644826;;2.754;5.827;3.073;75,6;159,9;84,3;16;147;131;0,4;4,0;3,6;0,6;2,5;1,9
DE5;Bremen;Bremen;Germany;1;682986;1.744;311;859;548;45,5;125,8;80,2;5;30;25;0,7;4,4;3,7;1,6;3,5;1,9
LT0;Lietuva;Lithauania;Lithauania;5;2794329;43;581;1.381;800;20,8;49,4;28,6;8;45;37;0,3;1,6;1,3;1,4;3,3;1,9
ES41;Castille y Leon;Castille y Leon;Spain;1;2399548;26;6.847;16.885;10.038;285,3;703,7;418,3;585;1.752;1.167;24,4;73,0;48,6;8,5;10,4;1,8
AT12;Nieder-östenreich;Lower Austria;Austria;1;1677542;89;1.637;2.619;982;97,6;156,1;58,5;28;92;64;1,7;5,5;3,8;1,7;3,5;1,8
PT11;Norte;Northern  Portugal;Portugal;1;3572583;169;4.910;15.090;10.180;137,4;422,4;284,9;95;556;461;2,7;15,6;12,9;1,9;3,7;1,7
LV0;Latvija;Latvia;Latvia;5;1919968;34;446;858;412;23,2;44,7;21,5;0;15;15;0,0;0,8;0,8;0,0;1,7;1,7
CZ080;Moravskoslezský ;Moravian-Silesian;Czechia;1;1203299;221;319;1.038;719;26,5;86,3;59,8;4;31;27;0,3;2,6;2,2;1,3;3,0;1,7
DE8;Mecklenburg-Vorpommern;Mecklenburg-Vorpommern;Germany;1;1609675;71;406;691;285;25,2;42,9;17,7;3;17;14;0,2;1,1;0,9;0,7;2,5;1,7
AT31;Ober-östenreich;Upper Austria;Austria;1;1482095;126;1.642;2.254;612;110,8;152,1;41,3;12;55;43;0,8;3,7;2,9;0,7;2,4;1,7
AT32;Salzburg;Salzburg;Austria;1;555221;79;949;1.232;283;170,9;221,9;51,0;11;35;24;2,0;6,3;4,3;1,2;2,8;1,7
SE211;Jönköping;Jönköping;Sweden;1;336866;;142;772;630;42,2;229,2;187,0;10;67;57;3,0;19,9;16,9;7,0;8,7;1,6
DK0;Danmark**;Denmark;Denmark;3;5820428;;3.082;9.112;6.030;53,0;156,6;103,6;104;452;348;1,8;7,8;6,0;3,4;5,0;1,6
CZ020;Středočeský;Central Bohemian;Czechia;1;1369332;124;447;901;454;32,6;65,8;33,2;4;22;18;0,3;1,6;1,3;0,9;2,4;1,5
PT17;Lisboa;Lisbon;Portugal;1;2846332;1.011;1.998;5.815;3.817;70,2;204,3;134,1;38;199;161;1,3;7,0;5,7;1,9;3,4;1,5
ITI4;Lazio;Lazio;Italy;1;5879082;347;3.264;6.616;3.352;55,5;112,5;57,0;169;441;272;2,9;7,5;4,6;5,2;6,7;1,5
ITF3;Campania;Campania;Italy;1;5801692;426;2.231;4.423;2.192;38,5;76,2;37,8;148;359;211;2,6;6,2;3,6;6,6;8,1;1,5
CZ032;Plzeňský;Plzeň;Czechia;1;584672;77;161;607;446;27,5;103,8;76,3;0;9;9;0,0;1,5;1,5;0,0;1,5;1,5
AT11;Burgen-land;Burgen-land;Austria;1;293433;78;185;325;140;63,0;110,8;47,7;3;10;7;1,0;3,4;2,4;1,6;3,1;1,5
ITI2;Umbria;Umbria;Italy;1;882015;106;1.095;1.392;297;124,1;157,8;33,7;37;67;30;4,2;7,6;3,4;3,4;4,8;1,4
AT34;Vorarlberg;Vorarlberg;Austria;1;397094;155;659;871;212;166,0;219,3;53,4;3;16;13;0,8;4,0;3,3;0,5;1,8;1,4
CH032;Basel-Landschaft;Basel-Landschaft;Switzerland;1;289527;;588;864;276;203,1;298,4;95,3;11;28;17;3,8;9,7;5,9;1,9;3,2;1,4
LU0;Luxemburg;Luxemburg;Luxemburg;5;626108;235;2.178;3.784;1.606;347,9;604,4;256,5;23;90;67;3,7;14,4;10,7;1,1;2,4;1,3
CH040;Zürich;Zürich;Switzerland;1;1520968;;2.148;3.397;1.249;141,2;223,3;82,1;29;90;61;1,9;5,9;4,0;1,4;2,6;1,3
CZ052;Královéhradecký ;Hradec Králové;Czechia;1;551021;116;105;178;73;19,1;32,3;13,2;1;4;3;0,2;0,7;0,5;1,0;2,2;1,3
CH070;Ticino;Ticino;Switzerland;1;353343;;2.195;3.177;982;621,2;899,1;277,9;132;232;100;37,4;65,7;28,3;6,0;7,3;1,3
ITC4;Lombardia;Lombardy;Italy;1;10041828;436;44.773;75.732;30.959;445,9;754,2;308,3;7.593;13.772;6.179;75,6;137,1;61,5;17,0;18,2;1,2
LI0;Liechtenstein;Liechtenstein;Liechtenstein;5;38557;242;72;82;10;186,7;212,7;25,9;0;1;1;0,0;2,6;2,6;0,0;1,2;1,2
ITH2;Trentino Alto Adige;Trentino Alto Adige;Italy;1;1072276;88;1.870;6.634;4.764;174,4;618,7;444,3;173;693;520;16,1;64,6;48,5;9,3;10,4;1,2
NL34;Zeeland;Zeeland;Netherlands;1;383519;212;178;580;402;46,4;151,2;104,8;14;52;38;3,7;13,6;9,9;7,9;9,0;1,1
NL21;Overijssel;Overijssel;Netherlands;1;1162500;343;779;2.706;1.927;67,0;232,8;165,8;64;251;187;5,5;21,6;16,1;8,2;9,3;1,1
CZ071;Olomoucký;Olomouc;Czechia;1;632492;120;310;691;381;49,0;109,3;60,2;3;14;11;0,5;2,2;1,7;1,0;2,0;1,1
AT33;Tirol;Tirol;Austria;1;754705;60;2.361;5.202;2.841;312,8;689,3;376,4;24;105;81;3,2;13,9;10,7;1,0;2,0;1,0
ES51;Catalunya;Catalonia;Spain;1;7675217;236;19.991;48.916;28.925;260,5;637,3;376,9;1.849;4.975;3.126;24,1;64,8;40,7;9,2;10,2;0,9
PT16;Centro;Central Portugal;Portugal;1;2216569;68;1.043;3.389;2.346;47,1;152,9;105,8;52;198;146;2,3;8,9;6,6;5,0;5,8;0,9
CZ063;Vysočina;Vysočina;Czechia;1;509274;75;114;174;60;22,4;34,2;11,8;1;3;2;0,2;0,6;0,4;0,9;1,7;0,8
CH061;Luzern;Luzern;Switzerland;1;409557;;375;664;289;91,6;162,1;70,6;7;18;11;1,7;4,4;2,7;1,9;2,7;0,8
CH033;Aargau;Aargau;Switzerland;1;678207;;549;1.101;552;80,9;162,3;81,4;11;31;20;1,6;4,6;2,9;2,0;2,8;0,8
ITF2;Molise;Molise;Italy;1;305617;69;160;298;138;52,4;97,5;45,2;10;21;11;3,3;6,9;3,6;6,3;7,0;0,8
CH012;Valais;Valais;Switzerland;1;343955;;1.085;1.825;740;315,4;530,6;215,1;37;75;38;10,8;21,8;11,0;3,4;4,1;0,7
UKC + UKE;North East and Yorkshire;North East and Yorkshire;United Kingdom;1;8137524;;4.075;17.562;13.487;50,1;215,8;165,7;601;2.696;2.095;7,4;33,1;25,7;14,7;15,4;0,6
CH056;Graubünden;Graubünden;Switzerland;1;198379;;592;784;192;298,4;395,2;96,8;28;41;13;14,1;20,7;6,6;4,7;5,2;0,5
PT18;Alentejo;Alentejo;Portugal;1;705478;23;54;207;153;7,7;29,3;21,7;0;1;1;0,0;0,1;0,1;0,0;0,5;0,5
CZ053;Pardubický;Pardubice;Czechia;1;520316;115;114;270;156;21,9;51,9;30,0;2;6;4;0,4;1,2;0,8;1,8;2,2;0,5
ES30;Madrid;Madrid;Spain;1;6663394;817;29.840;61.171;31.331;447,8;918,0;470,2;3.865;8.176;4.311;58,0;122,7;64,7;13,0;13,4;0,4
IS0;Iceland;Iceland;Iceland ;3;364134;;1.220;1.797;577;335,0;493,5;158,5;2;10;8;0,5;2,7;2,2;0,2;0,6;0,4
CZ072;Zlínský;Zlín;Czechia;1;582921;133;148;328;180;25,4;56,3;30,9;0;1;1;0,0;0,2;0,2;0,0;0,3;0,3
CH052;Schaffhausen;Schaffhausen;Switzerland;1;81991;;42;75;33;51,2;91,5;40,2;1;2;1;1,2;2,4;1,2;2,4;2,7;0,3
CH054;Appenzell Innnerrhoden;Appenzell Innnerrhoden;Switzerland;1;16145;;14;20;6;86,7;123,9;37,2;0;0;0;0,0;0,0;0,0;0,0;0,0;0,0
CH065;Nidwald;Nidwald;Switzerland;1;43223;;70;112;42;162,0;259,1;97,2;0;0;0;0,0;0,0;0,0;0,0;0,0;0,0
CH064;Obwald;Obwald;Switzerland;1;37841;;46;72;26;121,6;190,3;68,7;0;0;0;0,0;0,0;0,0;0,0;0,0;0,0
CH053;Appenzell-Ausserrhoden;Appenzell-Ausserrhoden;Switzerland;1;55234;;58;88;30;105,0;159,3;54,3;2;3;1;3,6;5,4;1,8;3,4;3,4;-0,0
CH024;Neuenburg;Neuenburg;Switzerland;1;176850;;420;644;224;237,5;364,2;126,7;25;34;9;14,1;19,2;5,1;6,0;5,3;-0,7
SE221;Blekinge;Blekinge;Sweden;1;159606;;22;73;51;13,8;45,7;32,0;1;2;1;0,6;1,3;0,6;4,5;2,7;-1,8
SM00;San Marino;San Marino;San Marino;5;33314;;236;569;333;708,4;1.708,0;999,6;28;41;13;84,0;123,1;39,0;11,9;7,2;-4,7
UKN;Northern Ireland;Northern Ireland;United Kingdom;1;1897893;139;103;3.536;3.433;5,4;186,3;180,9;30;347;317;1,6;18,3;16,7;29,1;9,8;-19,3
;;;;;;71;190;569,5;277,5;36,9;101,8;50,1;4;26;17;0,528302738478491;4,41675470217464;3,59799114036113;1,13333981640333;3,49243306169965;1,67047141376237
;;;;;;;822,5;1.825;965;71,0;174,9;94,6;24;106;93,5;1,78323485949061;10,3776833149377;8,20220083294161;3,13934300512233;6,50969529085873;2,66583675985848
;;;;;;;2.206,45714285714;5.393,24761904762;3.186,79047619048;111,4;252,9;141,5;183,638888888889;640,843243243243;472,494444444444;6,36383689403157;21,6345191178066;15,6835524371924;4,38741084345094;7,76097003428135;3,45996046981548
;;;;;;;2.121;5.572,75;3.439;130,2;320,9;186,9;121,25;451,5;411;6,46783043616979;25,3766123377426;20,5748695378916;6,53423689619733;10,9410218775548;4,52155923206423
;;;;;;;44.773;75.732;31.331;708,4;1.708,0;999,6;7593;13772;6179;84,0487482739989;137,146344271182;83,0847922363683;29,126213592233;24,0603015075377;16,9491525423729